{"dataset":{"0":{"kept":true,"isDisposedInternal":false,"shape":[4,51],"dtype":"float32","size":204,"strides":[51],"dataId":{},"id":310996,"rankType":"2","scopeId":633486,"label":"0"},"1":{"kept":true,"isDisposedInternal":false,"shape":[10,51],"dtype":"float32","size":510,"strides":[51],"dataId":{},"id":405511,"rankType":"2","scopeId":826091,"label":"1"}},"tensors":[{"0":0.0005018732626922429,"1":0.19314639270305634,"2":0.09137104451656342,"3":0.0005245868233032525,"4":0.2032291442155838,"5":0.08577386289834976,"6":0.0003733969060704112,"7":0.19837577641010284,"8":0.0845552459359169,"9":0.0005470352480188012,"10":0.21746882796287537,"11":0.0883006900548935,"12":0.0001238167897099629,"13":0.19595171511173248,"14":0.08814378082752228,"15":0.0005836284253746271,"16":0.20715415477752686,"17":0.1018110066652298,"18":0.0005160932196304202,"19":0.20413149893283844,"20":0.11336326599121094,"21":0.0005600014119409025,"22":0.17921721935272217,"23":0.06695471704006195,"24":0.0005336743779480457,"25":0.16989760100841522,"26":0.06927146762609482,"27":0.0005401173839345574,"28":0.19622831046581268,"29":0.02680547535419464,"30":0.0004458594776224345,"31":0.1695004403591156,"32":0.03332206606864929,"33":0.0005860026576556265,"34":0.2212672382593155,"35":0.15931951999664307,"36":0.0005850442685186863,"37":0.22122587263584137,"38":0.16834668815135956,"39":0.0005864680279046297,"40":0.17469394207000732,"41":0.19971846044063568,"42":0.0005830642185173929,"43":0.1849077194929123,"44":0.21982504427433014,"45":0.0005780538776889443,"46":0.18757623434066772,"47":0.25475579500198364,"48":0.0005737217725254595,"49":0.21075671911239624,"50":0.24849075078964233,"51":0.00024700030917301774,"52":0.19916944205760956,"53":0.1082707867026329,"54":0.00043600116623565555,"55":0.1917077600955963,"56":0.08392360061407089,"57":0.00038990750908851624,"58":0.18491001427173615,"59":0.08627499639987946,"60":0.00019824215269181877,"61":0.2246788591146469,"62":0.09101283550262451,"63":0.00023073458578437567,"64":0.1945204734802246,"65":0.10584180057048798,"66":0.0005756999598816037,"67":0.20146135985851288,"68":0.1019551008939743,"69":0.000567137380130589,"70":0.17943736910820007,"71":0.11751195043325424,"72":0.00057182926684618,"73":0.203988179564476,"74":0.06663280725479126,"75":0.0005179697764106095,"76":0.18618027865886688,"77":0.04749273508787155,"78":0.0005002474063076079,"79":0.1969631016254425,"80":0.028556860983371735,"81":0.0005493008065968752,"82":0.18024028837680817,"83":0.029671570286154747,"84":0.0005790365976281464,"85":0.2239309400320053,"86":0.14376971125602722,"87":0.0005777792539447546,"88":0.21188503503799438,"89":0.16889436542987823,"90":0.0005607407656498253,"91":0.19173428416252136,"92":0.18395821750164032,"93":0.0005772802396677434,"94":0.17973405122756958,"95":0.224368616938591,"96":0.0005205339984968305,"97":0.19427527487277985,"98":0.24880099296569824,"99":0.0005469978204928339,"100":0.20904289186000824,"101":0.24821004271507263,"102":0.0004724670434370637,"103":0.18876942992210388,"104":0.08702102303504944,"105":0.0004993946640752256,"106":0.19145242869853973,"107":0.08248227089643478,"108":0.0004313047684263438,"109":0.18282301723957062,"110":0.08537556231021881,"111":0.0004009487747680396,"112":0.2073010355234146,"113":0.08601784706115723,"114":0.00040355909732170403,"115":0.19161830842494965,"116":0.09972904622554779,"117":0.000580247666221112,"118":0.1953209936618805,"119":0.09764494001865387,"120":0.0005682663759216666,"121":0.18153122067451477,"122":0.11916223168373108,"123":0.0005529061309061944,"124":0.1990431696176529,"125":0.0543518103659153,"126":0.0005370108992792666,"127":0.18993878364562988,"128":0.04090355336666107,"129":0.0005107477190904319,"130":0.1940806359052658,"131":0.020906757563352585,"132":0.00042674739961512387,"133":0.19271500408649445,"134":0.029899070039391518,"135":0.0005605958285741508,"136":0.22847045958042145,"137":0.1474970281124115,"138":0.0005869685555808246,"139":0.21210546791553497,"140":0.17506860196590424,"141":0.0005883135600015521,"142":0.1810033917427063,"143":0.19878728687763214,"144":0.0005873047048225999,"145":0.18168704211711884,"146":0.23017549514770508,"147":0.000447840808192268,"148":0.211753249168396,"149":0.2505059838294983,"150":0.0005681926850229502,"151":0.21260927617549896,"152":0.25224626064300537,"153":0.0003198499616701156,"154":0.18625964224338531,"155":0.08641817420721054,"156":0.0004539080255199224,"157":0.21504324674606323,"158":0.08067458122968674,"159":0.0004266095638740808,"160":0.20262090861797333,"161":0.08308371901512146,"162":0.00029622315196320415,"163":0.208848237991333,"164":0.08250416070222855,"165":0.00040972561691887677,"166":0.18978160619735718,"167":0.09315551817417145,"168":0.0005698577733710408,"169":0.19381166994571686,"170":0.09843907505273819,"171":0.0005567559273913503,"172":0.17851348221302032,"173":0.11155344545841217,"174":0.0005532448412850499,"175":0.2084064781665802,"176":0.06400616466999054,"177":0.0005378130590543151,"178":0.1822584718465805,"179":0.047848623245954514,"180":0.0004020727938041091,"181":0.1969112902879715,"182":0.02719426527619362,"183":0.0004304700705688447,"184":0.19023726880550385,"185":0.02343101054430008,"186":0.0005801910883747041,"187":0.2263580858707428,"188":0.14691492915153503,"189":0.000579133746214211,"190":0.20695693790912628,"191":0.17122241854667664,"192":0.0005618411232717335,"193":0.19052740931510925,"194":0.18415971100330353,"195":0.0005797243793494999,"196":0.17492754757404327,"197":0.2304234504699707,"198":0.0004168699379079044,"199":0.21153521537780762,"200":0.24933703243732452,"201":0.000557071587536484,"202":0.20808842778205872,"203":0.24910610914230347},{"0":0.0005461704568006098,"1":0.19577378034591675,"2":0.0820312350988388,"3":0.0004946498083882034,"4":0.19979603588581085,"5":0.07691464573144913,"6":0.0005578869022428989,"7":0.19193169474601746,"8":0.07711125910282135,"9":0.00009827448229771107,"10":0.1976514309644699,"11":0.0759240910410881,"12":0.0004763228353112936,"13":0.18344742059707642,"14":0.07884182780981064,"15":0.0005603653844445944,"16":0.21920344233512878,"17":0.10401801764965057,"18":0.0005602729506790638,"19":0.16732606291770935,"20":0.10905913263559341,"21":0.0005605361657217145,"22":0.25211766362190247,"23":0.09992039203643799,"24":0.0005584823666140437,"25":0.12826402485370636,"26":0.10685938596725464,"27":0.0005587729392573237,"28":0.2798360288143158,"29":0.0947815403342247,"30":0.0005513699143193662,"31":0.0989081934094429,"32":0.10602930188179016,"33":0.0005535969976335764,"34":0.22659443318843842,"35":0.15437552332878113,"36":0.0005587434861809015,"37":0.19396860897541046,"38":0.16545790433883667,"39":0.000522883259691298,"40":0.1989612579345703,"41":0.17210166156291962,"42":0.0005550361820496619,"43":0.16092291474342346,"44":0.205304354429245,"45":0.0005547557957470417,"46":0.2137090265750885,"47":0.2387419193983078,"48":0.0005546108004637063,"49":0.1896744817495346,"50":0.2388552576303482,"51":0.0005419006920419633,"52":0.19643962383270264,"53":0.08442607522010803,"54":0.00045665589277632535,"55":0.20006243884563446,"56":0.0791630819439888,"57":0.0005605753976851702,"58":0.1927211582660675,"59":0.07940050214529037,"60":0.00006223738455446437,"61":0.19861775636672974,"62":0.07634707540273666,"63":0.0004937434569001198,"64":0.18419727683067322,"65":0.08058647811412811,"66":0.000564092886634171,"67":0.22030332684516907,"68":0.10328467190265656,"69":0.0005635960260406137,"70":0.16595153510570526,"71":0.11099186539649963,"72":0.000564335728995502,"73":0.2511215806007385,"74":0.10264234244823456,"75":0.0005630774539895356,"76":0.12200815230607986,"77":0.10466130077838898,"78":0.0005627132486552,"79":0.27638211846351624,"80":0.09696345031261444,"81":0.0005565981264226139,"82":0.09357331693172455,"83":0.10403253883123398,"84":0.0005590664222836494,"85":0.22836680710315704,"86":0.15420089662075043,"87":0.0005620212177745998,"88":0.19666938483715057,"89":0.16612912714481354,"90":0.0005642531323246658,