{"dataset":{"0":{"kept":true,"isDisposedInternal":false,"shape":[4,51],"dtype":"float32","size":204,"strides":[51],"dataId":{},"id":562554,"rankType":"2","scopeId":1133442,"label":"0"},"1":{"kept":true,"isDisposedInternal":false,"shape":[2,51],"dtype":"float32","size":102,"strides":[51],"dataId":{},"id":436221,"rankType":"2","scopeId":878849,"label":"2"},"2":{"kept":true,"isDisposedInternal":false,"shape":[8,51],"dtype":"float32","size":408,"strides":[51],"dataId":{},"id":657227,"rankType":"2","scopeId":1324231,"label":"1"}},"tensors":[{"0":0.00048222162877209485,"1":0.19307953119277954,"2":0.08828400075435638,"3":0.0005131913349032402,"4":0.17975035309791565,"5":0.07790689170360565,"6":0.0004499476635828614,"7":0.20345942676067352,"8":0.08749254047870636,"9":0.0005467209266498685,"10":0.1986110359430313,"11":0.08990836888551712,"12":0.00029848789563402534,"13":0.19899797439575195,"14":0.09382987022399902,"15":0.0005852071917615831,"16":0.20344334840774536,"17":0.10177166759967804,"18":0.0005813714815303683,"19":0.18811117112636566,"20":0.11100243031978607,"21":0.0005557081894949079,"22":0.18362784385681152,"23":0.06466151773929596,"24":0.0005517313838936388,"25":0.17649327218532562,"26":0.05121205747127533,"27":0.0004957824712619185,"28":0.1891046017408371,"29":0.04549805819988251,"30":0.000575356709305197,"31":0.1696871966123581,"32":0.024268750101327896,"33":0.0005884430720470846,"34":0.2225869745016098,"35":0.15688933432102203,"36":0.0005866626161150634,"37":0.2253914177417755,"38":0.16568347811698914,"39":0.0005887459847144783,"40":0.17623353004455566,"41":0.19762299954891205,"42":0.0005840949597768486,"43":0.1940847933292389,"44":0.22219887375831604,"45":0.000583417306188494,"46":0.22512659430503845,"47":0.25607597827911377,"48":0.0005794835742563009,"49":0.21273761987686157,"50":0.24927271902561188,"51":0.000490099482703954,"52":0.1678011566400528,"53":0.0814080685377121,"54":0.0005220511229708791,"55":0.17870616912841797,"56":0.07770529389381409,"57":0.0004458334587980062,"58":0.20377466082572937,"59":0.08708537369966507,"60":0.0005556862452067435,"61":0.19905421137809753,"62":0.08855337649583817,"63":0.0002846320567186922,"64":0.20101876556873322,"65":0.09221652150154114,"66":0.0005845521809533238,"67":0.20646852254867554,"68":0.10107145458459854,"69":0.0005806067492812872,"70":0.188518226146698,"71":0.11033555865287781,"72":0.0005591544322669506,"73":0.18608734011650085,"74":0.06461159884929657,"75":0.0005224987398833036,"76":0.17937001585960388,"77":0.04460226744413376,"78":0.0005048130406066775,"79":0.1993628889322281,"80":0.023931877687573433,"81":0.000570691772736609,"82":0.17018695175647736,"83":0.027661597356200218,"84":0.0005876254290342331,"85":0.22298261523246765,"86":0.1562783271074295,"87":0.0005859409575350583,"88":0.22593675553798676,"89":0.1660059094429016,"90":0.0005878455704078078,"91":0.1761535406112671,"92":0.19805625081062317,"93":0.0005839429795742035,"94":0.1973409205675125,"95":0.22267256677150726,"96":0.0005819012876600027,"97":0.22280970215797424,"98":0.2538428008556366,"99":0.0005776259349659085,"100":0.2180919498205185,"101":0.25496017932891846,"102":0.0005042302655056119,"103":0.19113250076770782,"104":0.08367712795734406,"105":0.0004417777818161994,"106":0.1915907859802246,"107":0.08024275302886963,"108":0.0004233079089317471,"109":0.1862182319164276,"110":0.08258365839719772,"111":0.00036898505641147494,"112":0.20025642216205597,"113":0.08653143048286438,"114":0.00042325264075770974,"115":0.1916751116514206,"116":0.09349700808525085,"117":0.0005855756462551653,"118":0.19626954197883606,"119":0.10219567269086838,"120":0.0005664043710567057,"121":0.1808146834373474,"122":0.11135923117399216,"123":0.0005732867866754532,"124":0.21052035689353943,"125":0.06702124327421188,"126":0.0005469215684570372,"127":0.1832847148180008,"128":0.037432510405778885,"129":0.0005484229186549783,"130":0.20862014591693878,"131":0.0410018116235733,"132":0.0005107587203383446,"133":0.18911927938461304,"134":0.011972367763519287,"135":0.0005866123246960342,"136":0.2269761562347412,"137":0.15020635724067688,"138":0.0005851136520504951,"139":0.2114328294992447,"140":0.17281049489974976,"141":0.0005867014406248927,"142":0.17767846584320068,"143":0.1977357715368271,"144":0.0005860429955646396,"145":0.1788967102766037,"146":0.23459583520889282,"147":0.000577964645344764,"148":0.20805402100086212,"149":0.24962711334228516,"150":0.0005677433800883591,"151":0.21104998886585236,"152":0.2515375018119812,"153":0.0005486973095685244,"154":0.19306881725788116,"155":0.07729948312044144,"156":0.0005670958198606968,"157":0.19328755140304565,"158":0.07559914886951447,"159":0.0004927467089146376,"160":0.18752677738666534,"161":0.07406475394964218,"162":0.0004930308205075562,"163":0.20813025534152985,"164":0.08605032414197922,"165":0.00039643619675189257,"166":0.1884819120168686,"167":0.09072110801935196,"168":0.000586280133575201,"169":0.20690102875232697,"170":0.09772016108036041,"171":0.000561183609534055,"172":0.18134523928165436,"173":0.10979588329792023,"174":0.0005835158517584205,"175":0.2045409232378006,"176":0.04895319789648056,"177":0.0005815964541397989,"178":0.19656459987163544,"179":0.031209297478199005,"180":0.0005562069709412754,"181":0.197943776845932,"182":0.021747414022684097,"183":0.0005046536098234355,"184":0.1953730285167694,"185":0.01311044953763485,"186":0.000588100403547287,"187":0.22450511157512665,"188":0.15042206645011902,"189":0.0005871213506907225,"190":0.20601139962673187,"191":0.1720850020647049,"192":0.0005869835731573403,"193":0.1850612759590149,"194":0.19783712923526764,"195":0.0005868282751180232,"196":0.17914888262748718,"197":0.23243577778339386,"198":0.0005782935186289251,"199":0.2006378173828125,"200":0.24833956360816956,"201":0.0005716753657907248,"202":0.21300376951694489,"203":0.2598229944705963},{"0":0.0005669555976055562,"1":0.18908216059207916,"2":0.08619563281536102,"3":0.0005692050326615572,"4":0.1924385130405426,"5":0.0800279900431633,"6":0.0005605054320767522,"7":0.18453101813793182,"8":0.08079540729522705,"9":0.0005656967987306416,"10":0.2012622356414795,"11":0.08281079679727554,"12":0.00045796684571541846,"13":0.18043144047260284,"14":0.08235780894756317,"15":0.0005705319927074015,"16":0.2028898298740387,"17":0.1037873923778534,"18":0.0005700282054021955,"19":0.17609161138534546,"20":0.10512106120586395,"21":0.0005694454885087907,"22":0.2269858568906784,"23":0.1456451117992401,"24":0.0005709651159122586,"25":0.13829964399337769,"26":0.10137496143579483,"27":0.0005667239893227816,"28":0.22346042096614838,"29":0.17730173468589783,"30":0.0005674252170138061,"31":0.116277314722538,"32":0.09447234869003296,"33":0.0005690421094186604,"34":0.21882392466068268,"35":0.1668320894241333,"36":0.0005652870167978108,"37":0.199620321393013,"38":0.1692550629377365,"39":0.0005713343853130937,"40":0.1823575496673584,"41":0.1970682293176651,"42":0.0005680915783159435,"43":0.1818101406097412,"44":0.20182068645954132,"45":0.0005696664447896183,"46":0.2000456154346466,"47":0.24204319715499878,"48":0.0005585876060649753,"49":0.19747322797775269,"50":0.24177835881710052,"51":0.0005576992407441139,"52":0.1729518175125122,"53":0.08924861997365952,"54":0.0005654606502503157,"55":0.17891012132167816,"56":0.08826355636119843,"57":0.0003705773560795933,"58":0.18947666883468628,"59":0.08291304111480713,"60":0.0005664264899678528,"61":0.1925857812166214,"62":0.08949565887451172,"63":0.00015033861564006656,"64":0.18728221952915192,"65":0.08534388244152069,"66":0.0005680838949047029,"67":0.20678164064884186,"68":0.1113932654261589,"69":0.0005698229069821537,"70":0.1867395043373108,"71":0.10819338262081146,"72":0.0005431477911770344,"73":0.2099418193101883,"74":0.1201980710029602,"75":0.0005718619795516133,"76":0.1468612551689148,"77":0.1165148988366127,"78":0.0005046568112447858,"79":0.20669788122177124,"80":0.15126292407512665,"81":0.0005707330419681966,"82":0.11842537671327591,"83":0.11557388305664062,"84":0.000572853721678257,